<?xml version="1.0" encoding="UTF-8" standalone="yes"?>
<addon id="repository.ktv" name="KrajnaTV Repo" version="3.0" provider-name="KrajnaTV">
	<extension point="xbmc.addon.repository" name="KrajnaTV">
		<dir>
			<info compressed="false">https://raw.githubusercontent.com/totalrevolution/python-koding/master/zips/addons.xml</info>
			<checksum>https://raw.githubusercontent.com/totalrevolution/python-koding/master/zips/addons.xml.md5</checksum>
			<datadir zip="true">https://raw.githubusercontent.com/totalrevolution/python-koding/master/zips/</datadir>
		</dir>
		<info compressed="false">https://raw.githubusercontent.com/makymac/repository.ktv/master/zips/addons.xml</info>
		<checksum>https://raw.githubusercontent.com/makymac/repository.ktv/master/zips/addons.xml.md5</checksum>
		<datadir zip="true">https://raw.githubusercontent.com/makymac/repository.ktv/master/zips/</datadir>
	</extension>
	<extension point="xbmc.addon.metadata">
		<summary lang="en">KrajnaTV Repo</summary>
		<description lang="en">KrajnaTV Repo</description>
		<genre></genre>
	</extension>
</addon>
